{
  "project_info": {
    "project_number": "109271166987",
    "project_id": "fit2081-carshowcaseapp-30aa4",
    "storage_bucket": "fit2081-carshowcaseapp-30aa4.appspot.com"
  },
  "client": [
    {
      "client_info": {
        "mobilesdk_app_id": "1:109271166987:android:6411a757f45ac7304c170e",
        "android_client_info": {
          "package_name": "com.example.wk2pt2"
        }
      },
      "oauth_client": [
        {
          "client_id": "109271166987-nk0uc6ck8i0mmv7udb3us5v5l5cb8k8i.apps.googleusercontent.com",
          "client_type": 3
        }
      ],
      "api_key": [
        {
          "current_key": "AIzaSyDzsVN7Y2tzMiyzTegLgsvwl6kvE0mJyKI"
        }
      ],
      "services": {
        "appinvite_service": {
          "other_platform_oauth_client": [
            {
              "client_id": "109271166987-nk0uc6ck8i0mmv7udb3us5v5l5cb8k8i.apps.googleusercontent.com",
              "client_type": 3
            }
          ]
        }
      }
    }
  ],
  "configuration_version": "1"
}